variant_id,gene,variant,variant_groups
1,ABL1,BCR-ABL,
2,ABL1,BCR-ABL T315I,Imatinib Resistance
3,ABL1,BCR-ABL E255K,Imatinib Resistance
4,AKT1,E17K,
5,ALK,EML4-ALK,ALK Fusions
6,ALK,EML4-ALK C1156Y,ALK Fusions
7,ALK,EML4-ALK L1196M,ALK Fusions
8,ALK,F1174L,Crizotinib Resistance
9,ALK,R1275Q,
10,ARAF,S214C,
11,BRAF,V600D,Other V600's
12,BRAF,V600E,
13,BRAF,V600E+V600M,Other V600's
14,BRAF,V600E AMPLIFICATION,
17,BRAF,V600,Other V600's
18,CCND1,AMPLIFICATION,
19,CCND1,EXPRESSION,
20,CCND1,OVEREXPRESSION,
